Supreme Hockey Top Jersey,https://www.premecopp.com/products/copy-of-supreme-cat-in-the-hat-hooded-sweatshirt-cardinal,https://cdn.shopify.com/s/files/1/2336/1743/products/ITYo0uNXmck.jpg?v=1538870965
1000 cardinal,https://www.premecopp.com/products/copy-of-supreme-cat-in-the-hat-hooded-sweatshirt-mustard,https://cdn.shopify.com/s/files/1/2336/1743/products/CMX2U3lpBkk.jpg?v=1538778193
1000 cardinal,https://www.premecopp.com/products/copy-of-supreme-cat-in-the-hat-hooded-sweatshirt-mustard,https://cdn.shopify.com/s/files/1/2336/1743/products/CMX2U3lpBkk.jpg?v=1538778193
1100 mustard,https://www.premecopp.com/products/copy-of-supreme-cat-in-the-hat-hooded-sweatshirt-dark-green,https://cdn.shopify.com/s/files/1/2336/1743/products/sYL7Z93RX6I.jpg?v=1538707458
1200 green,https://www.premecopp.com/products/copy-of-supreme-cat-in-the-hat-hooded-sweatshirt-ash-grey,https://cdn.shopify.com/s/files/1/2336/1743/products/T7XUGZDpb4c.jpg?v=1538707424
1300 Grey,https://www.premecopp.com/products/copy-of-supreme-cat-in-the-hat-hooded-sweatshirt-black,https://cdn.shopify.com/s/files/1/2336/1743/products/AxTI2xnhXRQ.jpg?v=1538707378
1400 black,https://www.premecopp.com/products/copy-of-supreme-champion-hooded-satin-varsity-red,https://cdn.shopify.com/s/files/1/2336/1743/products/NfUKZYEPT5I.jpg?v=1538707334
1400 black,https://www.premecopp.com/products/copy-of-supreme-champion-hooded-satin-varsity-red,https://cdn.shopify.com/s/files/1/2336/1743/products/NfUKZYEPT5I.jpg?v=1538707334
1 red,https://www.premecopp.com/products/copy-of-supreme-champion-hooded-satin-varsity-green,https://cdn.shopify.com/s/files/1/2336/1743/products/dJxwogVJqSc.jpg?v=1538707208
1 red,https://www.premecopp.com/products/copy-of-supreme-champion-hooded-satin-varsity-green,https://cdn.shopify.com/s/files/1/2336/1743/products/dJxwogVJqSc.jpg?v=1538707208
2 green,https://www.premecopp.com/products/copy-of-supreme-champion-hooded-satin-varsity-navy,https://cdn.shopify.com/s/files/1/2336/1743/products/aizvyO3hSZI.jpg?v=1538707173
2 green,https://www.premecopp.com/products/copy-of-supreme-champion-hooded-satin-varsity-navy,https://cdn.shopify.com/s/files/1/2336/1743/products/aizvyO3hSZI.jpg?v=1538707173
3 blue,https://www.premecopp.com/products/copy-of-supreme-champion-hooded-satin-varsity,https://cdn.shopify.com/s/files/1/2336/1743/products/01G5VVkgiEM_1.jpg?v=1538707103
3 blue,https://www.premecopp.com/products/copy-of-supreme-champion-hooded-satin-varsity,https://cdn.shopify.com/s/files/1/2336/1743/products/01G5VVkgiEM_1.jpg?v=1538707103
4 black,https://www.premecopp.com/products/copy-of-supreme-big-letter-sweater-1,https://cdn.shopify.com/s/files/1/2336/1743/products/cNEfTBVjPP0.jpg?v=1538707045
Supreme Big Letter Sweater,https://www.premecopp.com/products/copy-of-supreme-big-letter-sweater,https://cdn.shopify.com/s/files/1/2336/1743/products/XPkQ_BN2SkU.jpg?v=1538706737
Supreme Big Letter Sweater,https://www.premecopp.com/products/copy-of-supreme-big-letter-sweater,https://cdn.shopify.com/s/files/1/2336/1743/products/XPkQ_BN2SkU.jpg?v=1538706737
Supreme Big Letter Sweater,https://www.premecopp.com/products/copy-of-supreme-world-famous-crewneck-ash-grey,https://cdn.shopify.com/s/files/1/2336/1743/products/8OLqZBiJrxA.jpg?v=1538706703
Supreme Big Letter Sweater,https://www.premecopp.com/products/copy-of-supreme-world-famous-crewneck-ash-grey,https://cdn.shopify.com/s/files/1/2336/1743/products/8OLqZBiJrxA.jpg?v=1538706703
Supreme World Famous Crewneck- Ash Grey,https://www.premecopp.com/products/copy-of-supreme-world-famous-crewneck-black,https://cdn.shopify.com/s/files/1/2336/1743/products/pxIk0Zc4O64.jpg?v=1538706648
Supreme World Famous Crewneck- Ash Grey,https://www.premecopp.com/products/copy-of-supreme-world-famous-crewneck-black,https://cdn.shopify.com/s/files/1/2336/1743/products/pxIk0Zc4O64.jpg?v=1538706648
Supreme World Famous Crewneck- Black,https://www.premecopp.com/products/copy-of-supreme-world-famous-crewneck-cardinal,https://cdn.shopify.com/s/files/1/2336/1743/products/9NmrLY5eW04.jpg?v=1538706618
Supreme World Famous Crewneck- Black,https://www.premecopp.com/products/copy-of-supreme-world-famous-crewneck-cardinal,https://cdn.shopify.com/s/files/1/2336/1743/products/9NmrLY5eW04.jpg?v=1538706618
Supreme World Famous Crewneck- Cardinal,https://www.premecopp.com/products/copy-of-supreme-chain-license-plate-frame-1,https://cdn.shopify.com/s/files/1/2336/1743/products/R88mkl3M_JU.jpg?v=1538706588
s1lver,https://www.premecopp.com/products/copy-of-supreme-chain-license-plate-frame,https://cdn.shopify.com/s/files/1/2336/1743/products/GQh6CO5jvLk.jpg?v=1538706370
g0ld,https://www.premecopp.com/products/copy-of-cat-in-the-hat-beanie-bright-blue,https://cdn.shopify.com/s/files/1/2336/1743/products/76qruLN_Kx8.jpg?v=1538706349
80- Bright Blue,https://www.premecopp.com/products/copy-of-cat-in-the-hat-beanie-burgundy,https://cdn.shopify.com/s/files/1/2336/1743/products/vxdd86XM6Cs.jpg?v=1538706259
70- Burgundy,https://www.premecopp.com/products/copy-of-cat-in-the-hat-beanie-black,https://cdn.shopify.com/s/files/1/2336/1743/products/I5Y80vZmDPM.jpg?v=1538706186
60- Black,https://www.premecopp.com/products/copy-of-cat-in-the-hat-beanie-light-olive,https://cdn.shopify.com/s/files/1/2336/1743/products/ra5zjMUTXug.jpg?v=1538706158
50 Light Olive,https://www.premecopp.com/products/copy-of-supreme-plaid-beanie-black,https://cdn.shopify.com/s/files/1/2336/1743/products/yVMr0M3FHVQ.jpg?v=1538706103
Supreme Plaid Beanie- Black,https://www.premecopp.com/products/copy-of-supreme-plaid-beanie-navy,https://cdn.shopify.com/s/files/1/2336/1743/products/Q3hFZkWRXVk.jpg?v=1538704957
Supreme Plaid Beanie- Navy,https://www.premecopp.com/products/copy-of-polartec-s-logo-6-panel-red,https://cdn.shopify.com/s/files/1/2336/1743/products/ss7PYCI_GcA.jpg?v=1538704828
Polartec S Logo 6-Panel- Red,https://www.premecopp.com/products/copy-of-polartec-s-logo-6-panel,https://cdn.shopify.com/s/files/1/2336/1743/products/KfVjUx6dyOw.jpg?v=1538704743
Polartec S Logo 6-Panel,https://www.premecopp.com/products/copy-of-203,https://cdn.shopify.com/s/files/1/2336/1743/products/sH3sxL1Y6N8.jpg?v=1538704686
100,https://www.premecopp.com/products/copy-of-supreme-nike-plaid-hooded-sweatshirt-mustard,https://cdn.shopify.com/s/files/1/2336/1743/products/EYexfcdjtI.jpg?v=1538100716
100,https://www.premecopp.com/products/copy-of-supreme-nike-plaid-hooded-sweatshirt-mustard,https://cdn.shopify.com/s/files/1/2336/1743/products/EYexfcdjtI.jpg?v=1538100716
200,https://www.premecopp.com/products/copy-of-supreme-nike-plaid-hooded-sweatshirt-navy,https://cdn.shopify.com/s/files/1/2336/1743/products/fKl-u0t1cwo.jpg?v=1538100675
700,https://www.premecopp.com/products/copy-of-supreme-nike-plaid-sweat-shorts-navy,https://cdn.shopify.com/s/files/1/2336/1743/products/LzKUh_kHPGk.jpg?v=1538100525
700,https://www.premecopp.com/products/copy-of-supreme-nike-plaid-sweat-shorts-navy,https://cdn.shopify.com/s/files/1/2336/1743/products/LzKUh_kHPGk.jpg?v=1538100525
800,https://www.premecopp.com/products/copy-of-supreme-nike-plaid-sweat-shorts-black,https://cdn.shopify.com/s/files/1/2336/1743/products/4hnkLjxjGew.jpg?v=1538100502
800,https://www.premecopp.com/products/copy-of-supreme-nike-plaid-sweat-shorts-black,https://cdn.shopify.com/s/files/1/2336/1743/products/4hnkLjxjGew.jpg?v=1538100502
900,https://www.premecopp.com/products/copy-of-supreme-nike-crewneck-mustard,https://cdn.shopify.com/s/files/1/2336/1743/products/KgJRn-xPnl0.jpg?v=1538100463
900,https://www.premecopp.com/products/copy-of-supreme-nike-crewneck-mustard,https://cdn.shopify.com/s/files/1/2336/1743/products/KgJRn-xPnl0.jpg?v=1538100463
900,https://www.premecopp.com/products/copy-of-supreme-nike-crewneck-mustard,https://cdn.shopify.com/s/files/1/2336/1743/products/KgJRn-xPnl0.jpg?v=1538100463
12,https://www.premecopp.com/products/copy-of-supreme-nike-beanie-navy,https://cdn.shopify.com/s/files/1/2336/1743/products/ZbLHXFZ3CZg.jpg?v=1538099776
13,https://www.premecopp.com/products/copy-of-supreme-nike-beanie-black,https://cdn.shopify.com/s/files/1/2336/1743/products/Ly2vXM4zhwc.jpg?v=1538099747
Pharrell x NMD Human Race Trail 'Solar Pack',https://www.premecopp.com/products/copy-of-pharrell-x-nmd-human-race-trail-solar-pack,https://cdn.shopify.com/s/files/1/2336/1743/products/408959_01.jpg?v=1537750784
Pharrell x NMD Human Race Trail 'Solar Pack',https://www.premecopp.com/products/copy-of-2001,https://cdn.shopify.com/s/files/1/2336/1743/products/408960_01.jpg?v=1537750651
Pharrell x NMD Human Race Trail 'Solar Pack',https://www.premecopp.com/products/copy-of-2001,https://cdn.shopify.com/s/files/1/2336/1743/products/408960_01.jpg?v=1537750651
Pharrell x NMD Human Race Trail 'Solar Pack',https://www.premecopp.com/products/copy-of-2001,https://cdn.shopify.com/s/files/1/2336/1743/products/408960_01.jpg?v=1537750651
Supreme System Tee- Gold,https://www.premecopp.com/products/copy-of-supreme-system-tee-slate,https://cdn.shopify.com/s/files/1/2336/1743/products/leEbZFWvHFc.jpg?v=1537499667
Supreme System Tee- Ash Grey,https://www.premecopp.com/products/copy-of-supreme-system-tee-white,https://cdn.shopify.com/s/files/1/2336/1743/products/YGZfdflBDN8.jpg?v=1537499604
Supreme System Tee- Ash Grey,https://www.premecopp.com/products/copy-of-supreme-system-tee-white,https://cdn.shopify.com/s/files/1/2336/1743/products/YGZfdflBDN8.jpg?v=1537499604
Supreme System Tee- Black,https://www.premecopp.com/products/copy-of-supreme-first-best-tee-purple,https://cdn.shopify.com/s/files/1/2336/1743/products/a_EUfGmhTCc.jpg?v=1537499522
Supreme System Tee- Black,https://www.premecopp.com/products/copy-of-supreme-first-best-tee-purple,https://cdn.shopify.com/s/files/1/2336/1743/products/a_EUfGmhTCc.jpg?v=1537499522
Supreme System Tee- Black,https://www.premecopp.com/products/copy-of-supreme-first-best-tee-purple,https://cdn.shopify.com/s/files/1/2336/1743/products/a_EUfGmhTCc.jpg?v=1537499522
Supreme First & best Tee- Purple,https://www.premecopp.com/products/copy-of-supreme-first-best-tee-gold,https://cdn.shopify.com/s/files/1/2336/1743/products/Uvr47WQoba0.jpg?v=1537499225
Supreme First & best Tee- Purple,https://www.premecopp.com/products/copy-of-supreme-first-best-tee-gold,https://cdn.shopify.com/s/files/1/2336/1743/products/Uvr47WQoba0.jpg?v=1537499225
Supreme Lucetta Magnetic Bike Light- Black,https://www.premecopp.com/products/copy-of-supreme-lucetta-magnetic-bike-light-red,https://cdn.shopify.com/s/files/1/2336/1743/products/vLBieyxPRX8.jpg?v=1537498912
Supreme Lucetta Magnetic Bike Light- Red,https://www.premecopp.com/products/copy-of-supreme-tartan-flannel-red,https://cdn.shopify.com/s/files/1/2336/1743/products/iZZOLEd1sgw.jpg?v=1537498851
98,https://www.premecopp.com/products/copy-of-supreme-liquid-sword-beanie-black,https://cdn.shopify.com/s/files/1/2336/1743/products/cxdDSrISaCw.jpg?v=1537498718
99,https://www.premecopp.com/products/copy-of-supreme-snap-button-pocket-camp-cap-black,https://cdn.shopify.com/s/files/1/2336/1743/products/YrdgQIP78gc.jpg?v=1537498598
Supreme Snap Button Pocket Camp Cap- Black,https://www.premecopp.com/products/copy-of-supreme-snap-button-pocket-camp-cap-black-watch-plaid,https://cdn.shopify.com/s/files/1/2336/1743/products/lopSPxs83iE.jpg?v=1537498499
Supreme Snap Button Pocket Camp Cap- Black Watch Plaid,https://www.premecopp.com/products/copy-of-supreme-napped-canvas-camp-cap-6,https://cdn.shopify.com/s/files/1/2336/1743/products/0upiyWiWsnc.jpg?v=1537498459
Supreme Napped Canvas Camp  Cap,https://www.premecopp.com/products/copy-of-supreme-napped-canvas-camp-cap-3,https://cdn.shopify.com/s/files/1/2336/1743/products/0PZJT25ihYc.jpg?v=1536889680
Supreme Napped Canvas Camp  Cap,https://www.premecopp.com/products/copy-of-supreme-napped-canvas-camp-cap-1,https://cdn.shopify.com/s/files/1/2336/1743/products/KwqYPCbr4j4.jpg?v=1536889598
Supreme Napped Canvas Camp  Cap,https://www.premecopp.com/products/copy-of-im-1,https://cdn.shopify.com/s/files/1/2336/1743/products/Gr8LENh0qWY.jpg?v=1536889545
IM 8,https://www.premecopp.com/products/copy-of-supreme-mike-kelly-ahh-youth-skate-deck-2,https://cdn.shopify.com/s/files/1/2336/1743/products/Q8er107eA28.jpg?v=1536288080
IM 5,https://www.premecopp.com/products/copy-of-supreme-mike-kelly-ahh-youth-skate-deck-4,https://cdn.shopify.com/s/files/1/2336/1743/products/D6-aSHxSp5w_1.jpg?v=1536288028
IM 4,https://www.premecopp.com/products/copy-of-supreme-mike-kelly-ahh-youth-skate-deck-5,https://cdn.shopify.com/s/files/1/2336/1743/products/8F0KE_SGMMw.jpg?v=1536287969
IM 5,https://www.premecopp.com/products/copy-of-supreme-mike-kelly-the-empire-state-building-tee-5,https://cdn.shopify.com/s/files/1/2336/1743/products/MXJaXSSVfvw.jpg?v=1536287918
Supreme Floral Tee- Brown,https://www.premecopp.com/products/copy-of-supreme-mike-kelly-franklin-signing-the-treaty-of-alliance-with-french-officials-hooded-sweatshirt-black,https://cdn.shopify.com/s/files/1/2336/1743/products/Yftlcs5Kkc.jpg?v=1536286631
Supreme Floral Tee- Brown,https://www.premecopp.com/products/copy-of-supreme-mike-kelly-franklin-signing-the-treaty-of-alliance-with-french-officials-hooded-sweatshirt-black,https://cdn.shopify.com/s/files/1/2336/1743/products/Yftlcs5Kkc.jpg?v=1536286631
Supreme Mike Kelly Franklin Signing the Treaty Of Alliance with French Officials Hooded Sweatshirt- Black,https://www.premecopp.com/products/copy-of-supreme-mike-kelly-franklin-signing-the-treaty-of-alliance-with-french-officials-hooded-sweatshirt-light-brown,https://cdn.shopify.com/s/files/1/2336/1743/products/C7C6KAG-CWU.jpg?v=1536286583
Supreme Mike Kelly Franklin Signing the Treaty Of Alliance with French Officials Hooded Sweatshirt- Light Brown,https://www.premecopp.com/products/copy-of-supreme-mike-kelly-franklin-signing-the-treaty-of-alliance-with-french-officials-hooded-sweatshirt-ash-grey,https://cdn.shopify.com/s/files/1/2336/1743/products/mirtWccXu9Y.jpg?v=1536286553
Supreme Mike Kelly Franklin Signing the Treaty Of Alliance with French Officials Hooded Sweatshirt- Ash Grey,https://www.premecopp.com/products/copy-of-supreme-mike-kelly-franklin-signing-the-treaty-of-alliance-with-french-officials-hooded-sweatshirt-dark-green,https://cdn.shopify.com/s/files/1/2336/1743/products/6XHA5GAxwNw.jpg?v=1536286502
Supreme Mike Kelly Franklin Signing the Treaty Of Alliance with French Officials Hooded Sweatshirt- Ash Grey,https://www.premecopp.com/products/copy-of-supreme-mike-kelly-franklin-signing-the-treaty-of-alliance-with-french-officials-hooded-sweatshirt-dark-green,https://cdn.shopify.com/s/files/1/2336/1743/products/6XHA5GAxwNw.jpg?v=1536286502
Supreme Vertical Logo Stripe L/S Top,https://www.premecopp.com/products/copy-of-supreme-vertical-logo-stripe-l-s-top,https://cdn.shopify.com/s/files/1/2336/1743/products/L1L3_0Iu_yA.jpg?v=1535684369
Supreme Vertical Logo Stripe L/S Top,https://www.premecopp.com/products/copy-of-supreme-vertical-logo-stripe-l-s-top,https://cdn.shopify.com/s/files/1/2336/1743/products/L1L3_0Iu_yA.jpg?v=1535684369
1000,https://www.premecopp.com/products/copy-of-supreme-classic-script-new-era®,https://cdn.shopify.com/s/files/1/2336/1743/products/aOu7NGyfGMs.jpg?v=1534921537
Supreme Fuck You Skateboard,https://www.premecopp.com/products/copy-of-supreme-fuck-you-skateboard-1,https://cdn.shopify.com/s/files/1/2336/1743/products/k_t9a5Xxb4o.jpg?v=1534921175
Supreme Fuck You Skateboard,https://www.premecopp.com/products/copy-of-supreme-fuck-you-skateboard,https://cdn.shopify.com/s/files/1/2336/1743/products/mTEWq6INkac.jpg?v=1534921170
Supreme Fuck You Skateboard,https://www.premecopp.com/products/copy-of-supreme®-spitfire®-classic-wheels-set-of-4-white,https://cdn.shopify.com/s/files/1/2336/1743/products/xBTPP8PAZMo.jpg?v=1534921165
Supreme®/Spitfire® Classic Wheels (Set of 4)- GOLD,https://www.premecopp.com/products/copy-of-supreme-reflective-camo-camp-cap-blue,https://cdn.shopify.com/s/files/1/2336/1743/products/dofzXBhsudU.jpg?v=1534921330
Supreme Team Ringer Top- Teal,https://www.premecopp.com/products/copy-of-supreme-tonal-taping-water-shorts-black,https://cdn.shopify.com/s/files/1/2336/1743/products/Pj9wACjQcjI_1d11c84f-044c-4994-93bc-2294f638d7b3.jpg?v=1531093053
Supreme Team Ringer Top- Teal,https://www.premecopp.com/products/copy-of-supreme-tonal-taping-water-shorts-black,https://cdn.shopify.com/s/files/1/2336/1743/products/Pj9wACjQcjI_1d11c84f-044c-4994-93bc-2294f638d7b3.jpg?v=1531093053
Supreme Tonal Taping Water Shorts- Black,https://www.premecopp.com/products/copy-of-supreme-tonal-taping-water-shorts-navy,https://cdn.shopify.com/s/files/1/2336/1743/products/Z9UdQu1Gw1A_5b6754ec-c30f-4ea0-b4ca-be7d1ee8b2e9.jpg?v=1531092939
Supreme Tonal Taping Water Shorts- Black,https://www.premecopp.com/products/copy-of-supreme-tonal-taping-water-shorts-navy,https://cdn.shopify.com/s/files/1/2336/1743/products/Z9UdQu1Gw1A_5b6754ec-c30f-4ea0-b4ca-be7d1ee8b2e9.jpg?v=1531092939
Supreme Tonal Taping Water Shorts- Black,https://www.premecopp.com/products/copy-of-supreme-tonal-taping-water-shorts-navy,https://cdn.shopify.com/s/files/1/2336/1743/products/Z9UdQu1Gw1A_5b6754ec-c30f-4ea0-b4ca-be7d1ee8b2e9.jpg?v=1531092939
Supreme Tonal Taping Water Shorts- Navy,https://www.premecopp.com/products/copy-of-supreme-tonal-taping-water-shorts-teal,https://cdn.shopify.com/s/files/1/2336/1743/products/Yj3NusBR-0I_ae2b27b3-2a38-428c-9fd4-031b9880d298.jpg?v=1531092882
Supreme Tonal Taping Water Shorts- Navy,https://www.premecopp.com/products/copy-of-supreme-tonal-taping-water-shorts-teal,https://cdn.shopify.com/s/files/1/2336/1743/products/Yj3NusBR-0I_ae2b27b3-2a38-428c-9fd4-031b9880d298.jpg?v=1531092882
Supreme Tonal Taping Water Pants- Navy,https://www.premecopp.com/products/copy-of-supreme-tonal-taping-water-pants-black,https://cdn.shopify.com/s/files/1/2336/1743/products/e5P-l4MWW3U_52bfc226-cb0d-4e05-a95f-d3165711f908.jpg?v=1531092664
Supreme Tonal Taping Water Pants- Navy,https://www.premecopp.com/products/copy-of-supreme-tonal-taping-water-pants-black,https://cdn.shopify.com/s/files/1/2336/1743/products/e5P-l4MWW3U_52bfc226-cb0d-4e05-a95f-d3165711f908.jpg?v=1531092664
Supreme Tonal Taping Water Pants- Navy,https://www.premecopp.com/products/copy-of-supreme-tonal-taping-water-pants-black,https://cdn.shopify.com/s/files/1/2336/1743/products/e5P-l4MWW3U_52bfc226-cb0d-4e05-a95f-d3165711f908.jpg?v=1531092664
Supreme Tonal Taping Water Pants- Teal,https://www.premecopp.com/products/copy-of-supreme-tonal-taping-camp-cap-teal,https://cdn.shopify.com/s/files/1/2336/1743/products/IQgILFb4uK4_6461cae0-32e2-480a-bdac-e02342f35e4d.jpg?v=1531092542
Supreme Tonal Taping Water Pants- Teal,https://www.premecopp.com/products/copy-of-supreme-tonal-taping-camp-cap-teal,https://cdn.shopify.com/s/files/1/2336/1743/products/IQgILFb4uK4_6461cae0-32e2-480a-bdac-e02342f35e4d.jpg?v=1531092542
Supreme Tonal Taping Camp Cap- Red,https://www.premecopp.com/products/copy-of-supreme-tonal-taping-crusher-navy,https://cdn.shopify.com/s/files/1/2336/1743/products/bC5KhuNP380_4242d74a-ef1a-4917-9892-a4f7b409cc44.jpg?v=1531092367
4700 Mesh Nvy,https://www.premecopp.com/products/copy-of-4600-mesh-woodl4nd-camo,https://cdn.shopify.com/s/files/1/2336/1743/products/LasOHNNDNjk_c060e7e0-7ef3-4e5c-b307-a906aab6f24e.jpg?v=1530482248
4700 Mesh Nvy,https://www.premecopp.com/products/copy-of-4600-mesh-woodl4nd-camo,https://cdn.shopify.com/s/files/1/2336/1743/products/LasOHNNDNjk_c060e7e0-7ef3-4e5c-b307-a906aab6f24e.jpg?v=1530482248
4600 Mesh Woodl4nd Camo,https://www.premecopp.com/products/copy-of-4500-mesh-org,https://cdn.shopify.com/s/files/1/2336/1743/products/QHxsKuDjxwo_f75f90f1-8d58-4e1e-a679-5e4ce36d80d1.jpg?v=1530482179
4600 Mesh Woodl4nd Camo,https://www.premecopp.com/products/copy-of-4500-mesh-org,https://cdn.shopify.com/s/files/1/2336/1743/products/QHxsKuDjxwo_f75f90f1-8d58-4e1e-a679-5e4ce36d80d1.jpg?v=1530482179
4500 Mesh org,https://www.premecopp.com/products/copy-of-4400-mesh-black,https://cdn.shopify.com/s/files/1/2336/1743/products/peQki_WSybQ_1e6f59b5-b4ba-49d6-9feb-3890c278f934.jpg?v=1530482097
Supreme Mesh Stripe Top- White,https://www.premecopp.com/products/copy-of-supreme-spitfire-cat-t-shirt-white,https://cdn.shopify.com/s/files/1/2336/1743/products/QOPk0VC5YwQ_31bdc3f6-4ec0-4c66-ac0e-689aba83bfa2.jpg?v=1529882973
Supreme Mesh Stripe Top- Red,https://www.premecopp.com/products/copy-of-supreme-mesh-stripe-top-light-blue-1,https://cdn.shopify.com/s/files/1/2336/1743/products/6OTRZQF7h1s_6f939a59-808e-419d-82d1-c401bab8f72b.jpg?v=1529882651
Supreme Mesh Stripe Top- Red,https://www.premecopp.com/products/copy-of-supreme-mesh-stripe-top-light-blue-1,https://cdn.shopify.com/s/files/1/2336/1743/products/6OTRZQF7h1s_6f939a59-808e-419d-82d1-c401bab8f72b.jpg?v=1529882651
Supreme Mesh Stripe Top- Red,https://www.premecopp.com/products/copy-of-supreme-mesh-stripe-top-light-blue-1,https://cdn.shopify.com/s/files/1/2336/1743/products/6OTRZQF7h1s_6f939a59-808e-419d-82d1-c401bab8f72b.jpg?v=1529882651
Supreme Mesh Stripe Top- Light Blue,https://www.premecopp.com/products/copy-of-supreme-mesh-stripe-top-black-1,https://cdn.shopify.com/s/files/1/2336/1743/products/PW2VuGH6be0_dd26f9a9-d3f6-40a8-8a39-a5fe9f423377.jpg?v=1529882579
Supreme Mesh Stripe Top- Light Blue,https://www.premecopp.com/products/copy-of-supreme-mesh-stripe-top-black-1,https://cdn.shopify.com/s/files/1/2336/1743/products/PW2VuGH6be0_dd26f9a9-d3f6-40a8-8a39-a5fe9f423377.jpg?v=1529882579
Supreme Mesh Stripe Top- Bright Yellow,https://www.premecopp.com/products/copy-of-supreme-spitfire-hooded-sweatshirt-dark-green-1,https://cdn.shopify.com/s/files/1/2336/1743/products/lweoguueO5A_de515850-2868-491f-a1f4-49ceff150a73.jpg?v=1529882395
Supreme / Spitfire Hooded Sweatshirt- Purple,https://www.premecopp.com/products/copy-of-supreme-spitfire-hooded-sweatshirt-white-1,https://cdn.shopify.com/s/files/1/2336/1743/products/rlLx0EJkuI_765aca5b-de61-4cb5-b1e1-8553739eb903.jpg?v=1529882248
Supreme / Spitfire Hooded Sweatshirt- Purple,https://www.premecopp.com/products/copy-of-supreme-spitfire-hooded-sweatshirt-white-1,https://cdn.shopify.com/s/files/1/2336/1743/products/rlLx0EJkuI_765aca5b-de61-4cb5-b1e1-8553739eb903.jpg?v=1529882248
Supreme / Spitfire Hooded Sweatshirt- White,https://www.premecopp.com/products/copy-of-supreme-spitfire-hooded-sweatshirt-bright-orange-1,https://cdn.shopify.com/s/files/1/2336/1743/products/oYJJMhKzhWo_eb4a0f99-6c2b-4cec-88c9-7451b7b4ad83.jpg?v=1529882195
Supreme / Spitfire Hooded Sweatshirt- Bright Orange,https://www.premecopp.com/products/copy-of-supreme-croc-velour-zip-polo-black,https://cdn.shopify.com/s/files/1/2336/1743/products/h0u3g2jarYk_bc078423-36f0-4e7e-a1ff-c41809f028cb.jpg?v=1529882116
Supreme / Spitfire Hooded Sweatshirt- Bright Orange,https://www.premecopp.com/products/copy-of-supreme-croc-velour-zip-polo-black,https://cdn.shopify.com/s/files/1/2336/1743/products/h0u3g2jarYk_bc078423-36f0-4e7e-a1ff-c41809f028cb.jpg?v=1529882116
Supreme / Spitfire Hooded Sweatshirt- Bright Orange,https://www.premecopp.com/products/copy-of-supreme-croc-velour-zip-polo-black,https://cdn.shopify.com/s/files/1/2336/1743/products/h0u3g2jarYk_bc078423-36f0-4e7e-a1ff-c41809f028cb.jpg?v=1529882116
Supreme Van Crocodile Corduroy Lampin- Black,https://www.premecopp.com/products/copy-of-supreme-van-crocodile-corduroy-sk8-mid-black-2,https://cdn.shopify.com/s/files/1/2336/1743/products/Zr8pJN1JaWs_8d1013b1-293b-4ef0-9d72-1be34f832109.jpg?v=1529882036
Supreme Van Crocodile Corduroy Lampin- Black,https://www.premecopp.com/products/copy-of-supreme-van-crocodile-corduroy-sk8-mid-black-2,https://cdn.shopify.com/s/files/1/2336/1743/products/Zr8pJN1JaWs_8d1013b1-293b-4ef0-9d72-1be34f832109.jpg?v=1529882036
Supreme Van Crocodile Corduroy Sk8 Mid- Rust,https://www.premecopp.com/products/copy-of-supreme-cordura-camp-cap-silver-1,https://cdn.shopify.com/s/files/1/2336/1743/products/BXxxDJF6IJM_4d371f99-7df7-4b6f-91af-9b5d7c465a7b.jpg?v=1529881895
Supreme Cotton Hooded Raglan Jacket- Sea Foam,https://www.premecopp.com/products/copy-of-supreme-cotton-hooded-raglan-jacket-tan-1,https://cdn.shopify.com/s/files/1/2336/1743/products/xCOhFRE-CzI_b97abdc7-b727-4857-8875-e8cdf86bf093.jpg?v=1529276720
Supreme Cotton Hooded Raglan Jacket- Sea Foam,https://www.premecopp.com/products/copy-of-supreme-cotton-hooded-raglan-jacket-tan-1,https://cdn.shopify.com/s/files/1/2336/1743/products/xCOhFRE-CzI_b97abdc7-b727-4857-8875-e8cdf86bf093.jpg?v=1529276720
Supreme Cotton Hooded Raglan Jacket- Black,https://www.premecopp.com/products/copy-of-supreme-bevel-l-s-top-navy-1,https://cdn.shopify.com/s/files/1/2336/1743/products/ruQRGmjYNDo_d9e24388-c385-4af8-8fe4-235dd9a394e1.jpg?v=1529276591
Supreme Cotton Hooded Raglan Jacket- Black,https://www.premecopp.com/products/copy-of-supreme-bevel-l-s-top-navy-1,https://cdn.shopify.com/s/files/1/2336/1743/products/ruQRGmjYNDo_d9e24388-c385-4af8-8fe4-235dd9a394e1.jpg?v=1529276591
Supreme/ The North Face Snakeskin light Weight Day Pack- Green,https://www.premecopp.com/products/copy-of-supreme-the-north-face-snakeskin-flyweight-duffle-green,https://cdn.shopify.com/s/files/1/2336/1743/products/ap5O0mabYnk.jpg?v=1528433788
Supreme Chest Stripe Terry Top- Pink,https://www.premecopp.com/products/copy-of-supreme-tivoli-pal-bt-spreaker-2,https://cdn.shopify.com/s/files/1/2336/1743/products/L5kS34br4i0.jpg?v=1528432399
Supreme Tivoli Pal BT Spreaker,https://www.premecopp.com/products/copy-of-11,https://cdn.shopify.com/s/files/1/2336/1743/products/kRcqzTTgClE_e5f2ba0d-ee31-4ee4-91ec-adcd9cc76346.jpg?v=1528073007
Supreme Exit Sunglasses Black,https://www.premecopp.com/products/copy-of-13,https://cdn.shopify.com/s/files/1/2336/1743/products/dUg9sCy5WA0_508eab70-b56d-4412-a1d5-9f6ee0166ec5.jpg?v=1526856330
Supreme Astro Sunglasses Black,https://www.premecopp.com/products/copy-of-22,https://cdn.shopify.com/s/files/1/2336/1743/products/E5oEfENwiVY_2acf87b3-103d-4559-93a7-4fe97c65418d.jpg?v=1526856228
Supreme ShedRain World Famous Umbrella Red,https://www.premecopp.com/products/copy-of-supreme-gonz-logo-coaches-jacket-black,https://cdn.shopify.com/s/files/1/2336/1743/products/7EUb83lIEd8_62f8a3c9-8d2f-45d6-9e9b-4fff45b15b9a.jpg?v=1525640339
Supreme ShedRain World Famous Umbrella Acid Green,https://www.premecopp.com/products/copy-of-supreme-athletic-label-s-s-top-woodland-camo-1,https://cdn.shopify.com/s/files/1/2336/1743/products/TWOVu8sasYc_58462977-2981-4710-a57f-9e883c7012e7.jpg?v=1525640186
Supreme Compact Logo 6-Panel Slate Orange,https://www.premecopp.com/products/copy-of-supreme-nylon-arc-6-panel-navy-2,https://cdn.shopify.com/s/files/1/2336/1743/products/XVdzntQygiM_grande_f5d4c2cf-ad62-4f84-83ca-a646046e6391.jpg?v=1522026614
Supreme Side Pocket Script Logo 6-panel Desert Camo,https://www.premecopp.com/products/copy-of-supreme-repeat-camp-cap-teal-1,https://cdn.shopify.com/s/files/1/2336/1743/products/e0KX9NPN_fs_grande_76dde4a0-7bd9-4c73-8bbc-76d016c57d23.jpg?v=1522027609
Supreme Corner  Cap Light Blue,https://www.premecopp.com/products/copy-of-supreme-dazzle-warm-up-top-red,https://cdn.shopify.com/s/files/1/2336/1743/products/lsdxcEAsKbM_grande_9d8c3e61-4320-486b-8492-a480fc5cc7c8.jpg?v=1522026572
